id,toward
IMG_20220725_224415.jpg,up
IMG_20220725_225733.jpg,up
IMG_20220725_225318_1.jpg,up
IMG_20220725_224708.jpg,up
IMG_20220725_225051.jpg,up
IMG_20220725_224705.jpg,up
IMG_20220725_223246.jpg,up
IMG_20220725_223417_1.jpg,up
IMG_20220725_223138.jpg,up
IMG_20220725_225716_1.jpg,up
IMG_20220725_224207_1.jpg,up
IMG_20220725_225326.jpg,up
IMG_20220725_225354.jpg,up
IMG_20220725_225611_1.jpg,up
IMG_20220725_225508.jpg,up
IMG_20220725_223832.jpg,up
IMG_20220725_223824_2.jpg,up
IMG_20220725_223923.jpg,up
IMG_20220725_225514.jpg,up
IMG_20220725_223750_1.jpg,up
IMG_20220725_224700.jpg,up
IMG_20220725_224151.jpg,up
IMG_20220725_223242_1.jpg,up
IMG_20220725_223940_1.jpg,up
IMG_20220725_223330_1.jpg,up
IMG_20220725_223921.jpg,up
IMG_20220725_224704_1.jpg,up
IMG_20220725_224427.jpg,up
IMG_20220725_225041.jpg,up
IMG_20220725_225729_1.jpg,up
IMG_20220725_223957.jpg,up
IMG_20220725_223815.jpg,up
IMG_20220725_225343.jpg,up
IMG_20220725_225325_1.jpg,up
IMG_20220725_225357.jpg,up
IMG_20220725_223952.jpg,up
IMG_20220725_224714_2.jpg,up
IMG_20220725_223938.jpg,up
IMG_20220725_223427.jpg,up
IMG_20220725_224431.jpg,up
IMG_20220725_224046_1.jpg,up
IMG_20220725_224719.jpg,up
IMG_20220725_225350_1.jpg,up
IMG_20220725_224206.jpg,up
IMG_20220725_224359_1.jpg,up
IMG_20220725_224654_1.jpg,up
IMG_20220725_224041.jpg,up
IMG_20220725_223913.jpg,up
IMG_20220725_225356_1.jpg,up
IMG_20220725_223336_1.jpg,up
IMG_20220725_225516_1.jpg,up
IMG_20220725_224704.jpg,up
IMG_20220725_223958.jpg,up
IMG_20220725_223918.jpg,up
IMG_20220725_224043.jpg,up
IMG_20220725_223335.jpg,up
IMG_20220725_223810.jpg,up
IMG_20220725_225510.jpg,up
IMG_20220725_224043_1.jpg,up
IMG_20220725_223332.jpg,up
IMG_20220725_224155.jpg,up
IMG_20220725_225501.jpg,up
IMG_20220725_223452_1.jpg,up
IMG_20220725_223918_1.jpg,up
IMG_20220725_223251.jpg,up
IMG_20220725_225315.jpg,up
IMG_20220725_225317_1.jpg,up
IMG_20220725_225050.jpg,up
IMG_20220725_225045.jpg,up
IMG_20220725_225351_1.jpg,up
IMG_20220725_223818.jpg,up
IMG_20220725_223827_1.jpg,up
IMG_20220725_225503.jpg,up
IMG_20220725_223809.jpg,up
IMG_20220725_223415.jpg,up
IMG_20220725_223422.jpg,up
IMG_20220725_225330_1.jpg,up
IMG_20220725_224438.jpg,up
IMG_20220725_224702_1.jpg,up
IMG_20220725_225713_1.jpg,up
IMG_20220725_223913_1.jpg,up
IMG_20220725_224358.jpg,up
IMG_20220725_225053.jpg,up
IMG_20220725_225329_2.jpg,up
IMG_20220725_223922.jpg,up
IMG_20220725_223810_1.jpg,up
IMG_20220725_225048.jpg,up
IMG_20220725_225106_1.jpg,up
IMG_20220725_224148_2.jpg,up
IMG_20220725_224653.jpg,up
IMG_20220725_223426_1.jpg,up
IMG_20220725_225321.jpg,up
IMG_20220725_224701_1.jpg,up
IMG_20220725_223448.jpg,up
IMG_20220725_225051_1.jpg,up
IMG_20220725_223838_1.jpg,up
IMG_20220725_223747.jpg,up
IMG_20220725_225322.jpg,up
IMG_20220725_223508_1.jpg,up
IMG_20220725_225517.jpg,up
IMG_20220725_223249.jpg,up
IMG_20220725_223331_1.jpg,up
IMG_20220725_224200.jpg,up
IMG_20220725_223948_2.jpg,up
IMG_20220725_223451_1.jpg,up
IMG_20220725_224154.jpg,up
IMG_20220725_223833_1.jpg,up
IMG_20220725_225329_1.jpg,up
IMG_20220725_225043_1.jpg,up
IMG_20220725_224711.jpg,up
IMG_20220725_224040.jpg,up
IMG_20220725_225507_1.jpg,up
IMG_20220725_224712_1.jpg,up
IMG_20220725_223946.jpg,up
IMG_20220725_224703_1.jpg,up
IMG_20220725_224423.jpg,up
IMG_20220725_225614.jpg,up
IMG_20220725_223831.jpg,up
IMG_20220725_224159_1.jpg,up
IMG_20220725_223840.jpg,up
IMG_20220725_225717_1.jpg,up
IMG_20220725_224435_1.jpg,up
IMG_20220725_223940.jpg,up
IMG_20220725_223956_1.jpg,up
IMG_20220725_223826.jpg,up
IMG_20220725_224402_1.jpg,up
IMG_20220725_224414_1.jpg,up
IMG_20220725_225042.jpg,up
IMG_20220725_225046_2.jpg,up
IMG_20220725_224414.jpg,up
IMG_20220725_224428.jpg,up
IMG_20220725_223911.jpg,up
IMG_20220725_223920.jpg,up
IMG_20220725_223955_1.jpg,up
IMG_20220725_224359.jpg,up
IMG_20220725_225102_1.jpg,up
IMG_20220725_225105_1.jpg,up
IMG_20220725_224412.jpg,up
IMG_20220725_225323.jpg,up
IMG_20220725_224434.jpg,up
IMG_20220725_224713.jpg,up
IMG_20220725_225400_2.jpg,up
IMG_20220725_225733_1.jpg,up
IMG_20220725_223415_1.jpg,up
IMG_20220725_223807.jpg,up
IMG_20220725_223811.jpg,up
IMG_20220725_223941.jpg,up
IMG_20220725_224201.jpg,up
IMG_20220725_225046_1.jpg,up
IMG_20220725_224049_2.jpg,up
IMG_20220725_225611.jpg,up
IMG_20220725_223450_1.jpg,up
IMG_20220725_225515.jpg,up
IMG_20220725_223140.jpg,up
IMG_20220725_224153.jpg,up
IMG_20220725_224042_2.jpg,up
IMG_20220725_225104.jpg,up
IMG_20220725_225053_1.jpg,up
IMG_20220725_224156_1.jpg,up
IMG_20220725_224203_1.jpg,up
IMG_20220725_223916.jpg,up
IMG_20220725_223931.jpg,up
IMG_20220725_223137.jpg,up
IMG_20220725_223816.jpg,up
IMG_20220725_225730.jpg,up
IMG_20220725_223921_1.jpg,up
IMG_20220725_224657_1.jpg,up
IMG_20220725_225713.jpg,up
IMG_20220725_224709_1.jpg,up
IMG_20220725_223811_1.jpg,up
IMG_20220725_223832_1.jpg,up
IMG_20220725_223942_1.jpg,up
IMG_20220725_224706.jpg,up
IMG_20220725_225330.jpg,up
IMG_20220725_223819.jpg,up
IMG_20220725_223244.jpg,up
IMG_20220725_223418.jpg,up
IMG_20220725_225714_1.jpg,up
IMG_20220725_223937_1.jpg,up
IMG_20220725_223420.jpg,up
IMG_20220725_224426_1.jpg,up
IMG_20220725_223751.jpg,up
IMG_20220725_223932.jpg,up
IMG_20220725_224002.jpg,up
IMG_20220725_224400_1.jpg,up
IMG_20220725_223817_1.jpg,up
IMG_20220725_223425.jpg,up
IMG_20220725_223426.jpg,up
IMG_20220725_225328_1.jpg,up
IMG_20220725_225401.jpg,up
IMG_20220725_223914_2.jpg,up
IMG_20220725_225325.jpg,up
IMG_20220725_225323_1.jpg,up
IMG_20220725_223821.jpg,up
IMG_20220725_223142.jpg,up
IMG_20220725_223245.jpg,up
IMG_20220725_223951_1.jpg,up
IMG_20220725_223825.jpg,up
IMG_20220725_223939_1.jpg,up
IMG_20220725_224705_1.jpg,up
IMG_20220725_223247.jpg,up
IMG_20220725_223955.jpg,up
IMG_20220725_223912.jpg,up
IMG_20220725_225400_1.jpg,up
IMG_20220725_223423.jpg,up
IMG_20220725_224434_1.jpg,up
IMG_20220725_223804.jpg,up
IMG_20220725_225509_1.jpg,up
IMG_20220725_224707.jpg,up
IMG_20220725_223751_1.jpg,up
IMG_20220725_223508.jpg,up
IMG_20220725_223510_1.jpg,up
IMG_20220725_225050_1.jpg,up
IMG_20220725_225059.jpg,up
IMG_20220725_225515_1.jpg,up
IMG_20220725_223936_1.jpg,up
IMG_20220725_225616.jpg,up
IMG_20220725_223916_1.jpg,up
IMG_20220725_223806.jpg,up
IMG_20220725_223455.jpg,up
IMG_20220725_223944.jpg,up
IMG_20220725_223944_1.jpg,up
IMG_20220725_223418_1.jpg,up
IMG_20220725_224437.jpg,up
IMG_20220725_223252.jpg,up
IMG_20220725_225612_1.jpg,up
IMG_20220725_223933.jpg,up
IMG_20220725_224428_1.jpg,up
IMG_20220725_224436.jpg,up
IMG_20220725_223421_1.jpg,up
IMG_20220725_225322_1.jpg,up
IMG_20220725_224041_1.jpg,up
IMG_20220725_223748.jpg,up
IMG_20220725_225344.jpg,up
IMG_20220725_224400.jpg,up
IMG_20220725_225319_1.jpg,up
IMG_20220725_224152_1.jpg,up
IMG_20220725_224159.jpg,up
IMG_20220725_223948.jpg,up
IMG_20220725_224659.jpg,up
IMG_20220725_225346.jpg,up
IMG_20220725_223959_1.jpg,up
IMG_20220725_225401_1.jpg,up
IMG_20220725_225352.jpg,up
IMG_20220725_223510.jpg,up
IMG_20220725_224425.jpg,up
IMG_20220725_224402.jpg,up
IMG_20220725_223335_1.jpg,up
IMG_20220725_223424_1.jpg,up
IMG_20220725_225049_1.jpg,up
IMG_20220725_223331.jpg,up
IMG_20220725_224654.jpg,up
IMG_20220725_223840_1.jpg,up
IMG_20220725_225612.jpg,up
IMG_20220725_223817.jpg,up
IMG_20220725_225344_1.jpg,up
IMG_20220725_225329.jpg,up
IMG_20220725_223143.jpg,up
IMG_20220725_223507.jpg,up
IMG_20220725_223452.jpg,up
IMG_20220725_223948_1.jpg,up
IMG_20220725_225055_1.jpg,up
IMG_20220725_223453.jpg,up
IMG_20220725_223414.jpg,up
IMG_20220725_223807_1.jpg,up
IMG_20220725_223950_1.jpg,up
IMG_20220725_223250_1.jpg,up
IMG_20220725_225044.jpg,up
IMG_20220725_225324.jpg,up
IMG_20220725_224413_1.jpg,up
IMG_20220725_225349.jpg,up
IMG_20220725_224048_1.jpg,up
IMG_20220725_225052.jpg,up
IMG_20220725_225044_1.jpg,up
IMG_20220725_225057_1.jpg,up
IMG_20220725_225507.jpg,up
IMG_20220725_225345.jpg,up
IMG_20220725_224424_1.jpg,up
IMG_20220725_225728.jpg,up
IMG_20220725_225056_1.jpg,up
IMG_20220725_224150_1.jpg,up
IMG_20220725_223334_1.jpg,up
IMG_20220725_223934_1.jpg,up
IMG_20220725_223809_1.jpg,up
IMG_20220725_223958_1.jpg,up
IMG_20220725_225052_1.jpg,up
IMG_20220725_223749.jpg,up
IMG_20220725_225103_2.jpg,up
IMG_20220725_224413.jpg,up
IMG_20220725_224206_1.jpg,up
IMG_20220725_225054.jpg,up
IMG_20220725_223243.jpg,up
IMG_20220725_224156.jpg,up
IMG_20220725_223935_1.jpg,up
IMG_20220725_223452_2.jpg,up
IMG_20220725_223829.jpg,up
IMG_20220725_224152.jpg,up
IMG_20220725_224207.jpg,up
IMG_20220725_225046.jpg,up
IMG_20220725_224714_1.jpg,up
IMG_20220725_225106.jpg,up
IMG_20220725_224158_1.jpg,up
IMG_20220725_225316_1.jpg,up
IMG_20220725_223934.jpg,up
IMG_20220725_223945_1.jpg,up
IMG_20220725_223841_1.jpg,up
IMG_20220725_225358.jpg,up
IMG_20220725_225715.jpg,up
IMG_20220725_223424.jpg,up
IMG_20220725_224659_1.jpg,up
IMG_20220725_223139.jpg,up
IMG_20220725_223805_1.jpg,up
IMG_20220725_224413_2.jpg,up
IMG_20220725_225505_1.jpg,up
IMG_20220725_223245_1.jpg,up
IMG_20220725_225613.jpg,up
IMG_20220725_224423_1.jpg,up
IMG_20220725_224712.jpg,up
IMG_20220725_224432.jpg,up
IMG_20220725_224401_1.jpg,up
IMG_20220725_223140_1.jpg,up
IMG_20220725_224359_2.jpg,up
IMG_20220725_224657.jpg,up
IMG_20220725_224658_1.jpg,up
IMG_20220725_225350.jpg,up
IMG_20220725_223952_1.jpg,up
IMG_20220725_225048_1.jpg,up
IMG_20220725_225347.jpg,up
IMG_20220725_225728_1.jpg,up
IMG_20220725_223839_1.jpg,up
IMG_20220725_225343_1.jpg,up
IMG_20220725_223914.jpg,up
IMG_20220725_224708_1.jpg,up
IMG_20220725_223939.jpg,up
IMG_20220725_223243_1.jpg,up
IMG_20220725_223829_1.jpg,up
IMG_20220725_224204_1.jpg,up
IMG_20220725_224042.jpg,up
IMG_20220725_223333.jpg,up
IMG_20220725_224047.jpg,up
IMG_20220725_223421.jpg,up
IMG_20220725_223835.jpg,up
IMG_20220725_223936.jpg,up
IMG_20220725_223943.jpg,up
IMG_20220725_224049.jpg,up
IMG_20220725_223506.jpg,up
IMG_20220725_224045.jpg,up
IMG_20220725_224157_1.jpg,up
IMG_20220725_224717_1.jpg,up
IMG_20220725_223819_2.jpg,up
IMG_20220725_225727.jpg,up
IMG_20220725_224432_1.jpg,up
IMG_20220725_225714.jpg,up
IMG_20220725_224430_1.jpg,up
IMG_20220725_223448_1.jpg,up
IMG_20220725_225107.jpg,up
IMG_20220725_223841.jpg,up
IMG_20220725_225315_1.jpg,up
IMG_20220725_224203.jpg,up
IMG_20220725_224157_2.jpg,up
IMG_20220725_225400.jpg,up
IMG_20220725_223812_1.jpg,up
IMG_20220725_225327.jpg,up
IMG_20220725_223812.jpg,up
IMG_20220725_225355_1.jpg,up
IMG_20220725_223752.jpg,up
IMG_20220725_225348.jpg,up
IMG_20220725_225513.jpg,up
IMG_20220725_224429_1.jpg,up
IMG_20220725_225712_2.jpg,up
IMG_20220725_224711_1.jpg,up
IMG_20220725_224718.jpg,up
IMG_20220725_224403_1.jpg,up
IMG_20220725_225516.jpg,up
IMG_20220725_225317_2.jpg,up
IMG_20220725_224429.jpg,up
IMG_20220725_224656.jpg,up
IMG_20220725_225502_1.jpg,up
IMG_20220725_224208_2.jpg,up
IMG_20220725_225357_1.jpg,up
IMG_20220725_225729.jpg,up
IMG_20220725_223509_1.jpg,up
IMG_20220725_223844.jpg,up
IMG_20220725_225514_1.jpg,up
IMG_20220725_223808.jpg,up
IMG_20220725_223826_1.jpg,up
IMG_20220725_225506.jpg,up
IMG_20220725_224426.jpg,up
IMG_20220725_225101.jpg,up
IMG_20220725_224703.jpg,up
IMG_20220725_225319.jpg,up
IMG_20220725_225100_1.jpg,up
IMG_20220725_223823.jpg,up
IMG_20220725_224709.jpg,up
IMG_20220725_225318.jpg,up
IMG_20220725_225316.jpg,up
IMG_20220725_223932_1.jpg,up
IMG_20220725_223836_1.jpg,up
IMG_20220725_223834_1.jpg,up
IMG_20220725_225351_2.jpg,up
IMG_20220725_223449.jpg,up
IMG_20220725_224701.jpg,up
IMG_20220725_223831_1.jpg,up
IMG_20220725_223447_1.jpg,up
IMG_20220725_223808_1.jpg,up
IMG_20220725_223950.jpg,up
IMG_20220725_223822.jpg,up
IMG_20220725_225342.jpg,up
IMG_20220725_225349_2.jpg,up
IMG_20220725_223931_1.jpg,up
IMG_20220725_225054_1.jpg,up
IMG_20220725_225047_1.jpg,up
IMG_20220725_225320.jpg,up
IMG_20220725_225359.jpg,up
IMG_20220725_223919.jpg,up
IMG_20220725_223450.jpg,up
IMG_20220725_224151_1.jpg,up
IMG_20220725_223913_2.jpg,up
IMG_20220725_224158.jpg,up
IMG_20220725_223830.jpg,up
IMG_20220725_223812_2.jpg,up
IMG_20220725_224424.jpg,up
IMG_20220725_223959.jpg,up
IMG_20220725_225041_1.jpg,up
IMG_20220725_223837_1.jpg,up
IMG_20220725_225107_1.jpg,up
IMG_20220725_223814_1.jpg,up
IMG_20220725_224049_1.jpg,up
IMG_20220725_225056.jpg,up
IMG_20220725_225355.jpg,up
IMG_20220725_225043.jpg,up
IMG_20220725_223512_1.jpg,up
IMG_20220725_225348_1.jpg,up
IMG_20220725_225724.jpg,up
IMG_20220725_224433.jpg,up
IMG_20220725_225510_1.jpg,up
IMG_20220725_225100.jpg,up
IMG_20220725_224653_1.jpg,up
IMG_20220725_223820.jpg,up
IMG_20220725_223945.jpg,up
IMG_20220725_225611_2.jpg,up
IMG_20220725_225057.jpg,up
IMG_20220725_225509.jpg,up
IMG_20220725_223454.jpg,up
IMG_20220725_225055.jpg,up
IMG_20220725_224042_1.jpg,up
IMG_20220725_223823_1.jpg,up
IMG_20220725_224000.jpg,up
IMG_20220725_224046.jpg,up
IMG_20220725_223449_1.jpg,up
IMG_20220725_223454_2.jpg,up
IMG_20220725_223416.jpg,up
IMG_20220725_224439.jpg,up
IMG_20220725_224040_1.jpg,up
IMG_20220725_223935.jpg,up
IMG_20220725_223819_1.jpg,up
IMG_20220725_225103.jpg,up
IMG_20220725_224401.jpg,up
IMG_20220725_225350_2.jpg,up
IMG_20220725_223837.jpg,up
IMG_20220725_225351.jpg,up
IMG_20220725_223947_1.jpg,up
IMG_20220725_223937.jpg,up
IMG_20220725_224435.jpg,up
IMG_20220725_223915_1.jpg,up
IMG_20220725_223839.jpg,up
IMG_20220725_225317.jpg,up
IMG_20220725_225615.jpg,up
IMG_20220725_224702.jpg,up
IMG_20220725_224404.jpg,up
IMG_20220725_223332_1.jpg,up
IMG_20220725_224415_1.jpg,up
IMG_20220725_223922_1.jpg,up
IMG_20220725_223451.jpg,up
IMG_20220725_225101_1.jpg,up
IMG_20220725_223144.jpg,up
IMG_20220725_223818_1.jpg,up
IMG_20220725_225505.jpg,up
IMG_20220725_225058_1.jpg,up
IMG_20220725_225047.jpg,up
IMG_20220725_225508_1.jpg,up
IMG_20220725_223946_1.jpg,up
IMG_20220725_224202.jpg,up
IMG_20220725_223423_1.jpg,up
IMG_20220725_223337.jpg,up
IMG_20220725_224044_2.jpg,up
IMG_20220725_223914_1.jpg,up
IMG_20220725_224044_1.jpg,up
IMG_20220725_225105.jpg,up
IMG_20220725_225511.jpg,up
IMG_20220725_223915.jpg,up
IMG_20220725_225356.jpg,up
IMG_20220725_225725_1.jpg,up
IMG_20220725_223750.jpg,up
IMG_20220725_223942.jpg,up
IMG_20220725_223824_1.jpg,up
IMG_20220725_225725_2.jpg,up
IMG_20220725_225359_1.jpg,up
IMG_20220725_224403.jpg,up
IMG_20220725_225726.jpg,up
IMG_20220725_224150.jpg,up
IMG_20220725_224001.jpg,up
IMG_20220725_224001_1.jpg,up
IMG_20220725_224714.jpg,up
IMG_20220725_224718_1.jpg,up
IMG_20220725_225504.jpg,up
IMG_20220725_223417.jpg,up
IMG_20220725_225328.jpg,up
IMG_20220725_223953.jpg,up
IMG_20220725_223834.jpg,up
IMG_20220725_225615_1.jpg,up
IMG_20220725_224707_1.jpg,up
IMG_20220725_224202_1.jpg,up
IMG_20220725_223956.jpg,up
IMG_20220725_224149.jpg,up
IMG_20220725_225059_1.jpg,up
IMG_20220725_224044.jpg,up
IMG_20220725_225503_1.jpg,up
IMG_20220725_224148_1.jpg,up
IMG_20220725_224201_1.jpg,up
IMG_20220725_223814.jpg,up
IMG_20220725_223917_1.jpg,up
IMG_20220725_223836.jpg,up
IMG_20220725_225725.jpg,up
IMG_20220725_224431_1.jpg,up
IMG_20220725_225502.jpg,up
IMG_20220725_223242.jpg,up
IMG_20220725_225724_1.jpg,up
IMG_20220725_223838.jpg,up
IMG_20220725_223142_1.jpg,up
IMG_20220725_225717.jpg,up
IMG_20220725_225613_1.jpg,up
IMG_20220725_224144.jpg,front
IMG_20220725_223402.jpg,front
IMG_20220725_225037_1.jpg,front
IMG_20220725_223756_1.jpg,front
IMG_20220725_225025_1.jpg,front
IMG_20220725_224820_1.jpg,front
IMG_20220725_223132_1.jpg,front
IMG_20220725_225114_1.jpg,front
IMG_20220725_225126_1.jpg,front
IMG_20220725_225115.jpg,front
IMG_20220725_225304_1.jpg,front
IMG_20220725_225012.jpg,front
IMG_20220725_224214.jpg,front
IMG_20220725_225459.jpg,front
IMG_20220725_223753.jpg,front
IMG_20220725_223523.jpg,front
IMG_20220725_225027.jpg,front
IMG_20220725_225015.jpg,front
IMG_20220725_225607.jpg,front
IMG_20220725_225019_1.jpg,front
IMG_20220725_223303_1.jpg,front
IMG_20220725_225711_1.jpg,front
IMG_20220725_225109_1.jpg,front
IMG_20220725_225800_1.jpg,front
IMG_20220725_225536.jpg,front
IMG_20220725_223757_1.jpg,front
IMG_20220725_225257.jpg,front
IMG_20220725_223152.jpg,front
IMG_20220725_223754_1.jpg,front
IMG_20220725_223438_1.jpg,front
IMG_20220725_223406_1.jpg,front
IMG_20220725_223305.jpg,front
IMG_20220725_223533_1.jpg,front
IMG_20220725_225610_1.jpg,front
IMG_20220725_224219_1.jpg,front
IMG_20220725_223518.jpg,front
IMG_20220725_225249_1.jpg,front
IMG_20220725_223128.jpg,front
IMG_20220725_224739_2.jpg,front
IMG_20220725_225030_1.jpg,front
IMG_20220725_225524.jpg,front
IMG_20220725_225718.jpg,front
IMG_20220725_225030.jpg,front
IMG_20220725_223256_1.jpg,front
IMG_20220725_225028_1.jpg,front
IMG_20220725_225257_1.jpg,front
IMG_20220725_224725_1.jpg,front
IMG_20220725_225113_1.jpg,front
IMG_20220725_223434.jpg,front
IMG_20220725_223433.jpg,front
IMG_20220725_225448.jpg,front
IMG_20220725_224418.jpg,front
IMG_20220725_225308.jpg,front
IMG_20220725_223127_1.jpg,front
IMG_20220725_225756_1.jpg,front
IMG_20220725_223403_2.jpg,front
IMG_20220725_224140.jpg,front
IMG_20220725_223435_1.jpg,front
IMG_20220725_224212.jpg,front
IMG_20220725_225306.jpg,front
IMG_20220725_225037.jpg,front
IMG_20220725_223526.jpg,front
IMG_20220725_224209.jpg,front
IMG_20220725_223410.jpg,front
IMG_20220725_224421_1.jpg,front
IMG_20220725_225520_2.jpg,front
IMG_20220725_223254.jpg,front
IMG_20220725_225520_1.jpg,front
IMG_20220725_224822.jpg,front
IMG_20220725_225535.jpg,front
IMG_20220725_224210.jpg,front
IMG_20220725_224823_1.jpg,front
IMG_20220725_223534_1.jpg,front
IMG_20220725_223801.jpg,front
IMG_20220725_224734.jpg,front
IMG_20220725_225035.jpg,front
IMG_20220725_224825_1.jpg,front
IMG_20220725_224646_1.jpg,front
IMG_20220725_225534.jpg,front
IMG_20220725_223527.jpg,front
IMG_20220725_224741.jpg,front
IMG_20220725_223504_2.jpg,front
IMG_20220725_225447.jpg,front
IMG_20220725_223239.jpg,front
IMG_20220725_225439_1.jpg,front
IMG_20220725_225339_1.jpg,front
IMG_20220725_225609.jpg,front
IMG_20220725_225112_1.jpg,front
IMG_20220725_225518_1.jpg,front
IMG_20220725_223406.jpg,front
IMG_20220725_225026.jpg,front
IMG_20220725_225803.jpg,front
IMG_20220725_225312_1.jpg,front
IMG_20220725_223241.jpg,front
IMG_20220725_224217_1.jpg,front
IMG_20220725_225307_1.jpg,front
IMG_20220725_224211.jpg,front
IMG_20220725_224138_1.jpg,front
IMG_20220725_225116_1.jpg,front
IMG_20220725_224139_1.jpg,front
IMG_20220725_224215_2.jpg,front
IMG_20220725_224217.jpg,front
IMG_20220725_225540.jpg,front
IMG_20220725_224137_1.jpg,front
IMG_20220725_224143.jpg,front
IMG_20220725_225124_1.jpg,front
IMG_20220725_225117.jpg,front
IMG_20220725_225703_1.jpg,front
IMG_20220725_223525_1.jpg,front
IMG_20220725_223802_1.jpg,front
IMG_20220725_224139.jpg,front
IMG_20220725_225305.jpg,front
IMG_20220725_225712.jpg,front
IMG_20220725_225459_1.jpg,front
IMG_20220725_225109.jpg,front
IMG_20220725_223514.jpg,front
IMG_20220725_225519.jpg,front
IMG_20220725_224723.jpg,front
IMG_20220725_223152_1.jpg,front
IMG_20220725_225302.jpg,front
IMG_20220725_224647.jpg,front
IMG_20220725_225038.jpg,front
IMG_20220725_225308_1.jpg,front
IMG_20220725_225250_1.jpg,front
IMG_20220725_224219.jpg,front
IMG_20220725_223438.jpg,front
IMG_20220725_223133.jpg,front
IMG_20220725_223130.jpg,front
IMG_20220725_223802.jpg,front
IMG_20220725_225310.jpg,front
IMG_20220725_225722_1.jpg,front
IMG_20220725_224215_1.jpg,front
IMG_20220725_225248_1.jpg,front
IMG_20220725_225444_1.jpg,front
IMG_20220725_225015_1.jpg,front
IMG_20220725_223753_1.jpg,front
IMG_20220725_224722.jpg,front
IMG_20220725_223235.jpg,front
IMG_20220725_223248.jpg,front
IMG_20220725_225019.jpg,front
IMG_20220725_224816.jpg,front
IMG_20220725_224737.jpg,front
IMG_20220725_225109_2.jpg,front
IMG_20220725_225723_1.jpg,front
IMG_20220725_224651_1.jpg,front
IMG_20220725_225014_1.jpg,front
IMG_20220725_225251.jpg,front
IMG_20220725_223404.jpg,front
IMG_20220725_223131.jpg,front
IMG_20220725_225531.jpg,front
IMG_20220725_224825.jpg,front
IMG_20220725_224416.jpg,front
IMG_20220725_223134.jpg,front
IMG_20220725_223411.jpg,front
IMG_20220725_225520.jpg,front
IMG_20220725_225032.jpg,front
IMG_20220725_223521.jpg,front
IMG_20220725_225445.jpg,front
IMG_20220725_223405.jpg,front
IMG_20220725_225021_1.jpg,front
IMG_20220725_224210_2.jpg,front
IMG_20220725_225339_2.jpg,front
IMG_20220725_223513_1.jpg,front
IMG_20220725_225447_1.jpg,front
IMG_20220725_223145.jpg,front
IMG_20220725_225018_1.jpg,front
IMG_20220725_224739_1.jpg,front
IMG_20220725_223148.jpg,front
IMG_20220725_223135.jpg,front
IMG_20220725_224218_1.jpg,front
IMG_20220725_223155.jpg,front
IMG_20220725_225709.jpg,front
IMG_20220725_224215.jpg,front
IMG_20220725_223504_1.jpg,front
IMG_20220725_225108_1.jpg,front
IMG_20220725_223057.jpg,front
IMG_20220725_225037_2.jpg,front
IMG_20220725_225302_2.jpg,front
IMG_20220725_223132.jpg,front
IMG_20220725_225523.jpg,front
IMG_20220725_225020_1.jpg,front
IMG_20220725_223524_1.jpg,front
IMG_20220725_225246_1.jpg,front
IMG_20220725_224417_1.jpg,front
IMG_20220725_225330_2.jpg,front
IMG_20220725_225440.jpg,front
IMG_20220725_225122.jpg,front
IMG_20220725_224724_1.jpg,front
IMG_20220725_225530.jpg,front
IMG_20220725_224140_1.jpg,front
IMG_20220725_225310_1.jpg,front
IMG_20220725_224419_1.jpg,front
IMG_20220725_223758.jpg,front
IMG_20220725_224719_1.jpg,front
IMG_20220725_224823.jpg,front
IMG_20220725_225521.jpg,front
IMG_20220725_225525.jpg,front
IMG_20220725_225526_1.jpg,front
IMG_20220725_225247_1.jpg,front
IMG_20220725_224725.jpg,front
IMG_20220725_223514_1.jpg,front
IMG_20220725_223325_1.jpg,front
IMG_20220725_224147_1.jpg,front
IMG_20220725_225118.jpg,front
IMG_20220725_224741_1.jpg,front
IMG_20220725_224727.jpg,front
IMG_20220725_225314.jpg,front
IMG_20220725_224146_1.jpg,front
IMG_20220725_224738.jpg,front
IMG_20220725_225020.jpg,front
IMG_20220725_225722.jpg,front
IMG_20220725_225259_2.jpg,front
IMG_20220725_223525.jpg,front
IMG_20220725_225712_1.jpg,front
IMG_20220725_225313.jpg,front
IMG_20220725_225449.jpg,front
IMG_20220725_225441.jpg,front
IMG_20220725_225036.jpg,front
IMG_20220725_225705.jpg,front
IMG_20220725_224744.jpg,front
IMG_20220725_224735.jpg,front
IMG_20220725_225604.jpg,front
IMG_20220725_223517_1.jpg,front
IMG_20220725_223305_1.jpg,front
IMG_20220725_223157.jpg,front
IMG_20220725_225707.jpg,front
IMG_20220725_224821_1.jpg,front
IMG_20220725_223156.jpg,front
IMG_20220725_223503_1.jpg,front
IMG_20220725_224817.jpg,front
IMG_20220725_224745_1.jpg,front
IMG_20220725_225341.jpg,front
IMG_20220725_223328.jpg,front
IMG_20220725_223237.jpg,front
IMG_20220725_225757_1.jpg,front
IMG_20220725_224210_1.jpg,front
IMG_20220725_225340.jpg,front
IMG_20220725_225306_2.jpg,front
IMG_20220725_225446.jpg,front
IMG_20220725_225012_1.jpg,front
IMG_20220725_223516.jpg,front
IMG_20220725_224826.jpg,front
IMG_20220725_225031_1.jpg,front
IMG_20220725_225252.jpg,front
IMG_20220725_225332.jpg,front
IMG_20220725_224724.jpg,front
IMG_20220725_224738_1.jpg,front
IMG_20220725_225529.jpg,front
IMG_20220725_224421.jpg,front
IMG_20220725_225500_1.jpg,front
IMG_20220725_225757.jpg,front
IMG_20220725_225127.jpg,front
IMG_20220725_225029.jpg,front
IMG_20220725_224141.jpg,front
IMG_20220725_223255_1.jpg,front
IMG_20220725_225534_1.jpg,front
IMG_20220725_225259.jpg,front
IMG_20220725_223303.jpg,front
IMG_20220725_223447.jpg,front
IMG_20220725_224136.jpg,front
IMG_20220725_225532.jpg,front
IMG_20220725_225525_1.jpg,front
IMG_20220725_224736_1.jpg,front
IMG_20220725_224820.jpg,front
IMG_20220725_225719.jpg,front
IMG_20220725_225608.jpg,front
IMG_20220725_225436.jpg,front
IMG_20220725_223324_1.jpg,front
IMG_20220725_224649.jpg,front
IMG_20220725_225522.jpg,front
IMG_20220725_225028_2.jpg,front
IMG_20220725_223258.jpg,front
IMG_20220725_225530_1.jpg,front
IMG_20220725_223149.jpg,front
IMG_20220725_223505_1.jpg,front
IMG_20220725_223306_1.jpg,front
IMG_20220725_225314_1.jpg,front
IMG_20220725_223757.jpg,front
IMG_20220725_225258_1.jpg,front
IMG_20220725_225758.jpg,front
IMG_20220725_223147.jpg,front
IMG_20220725_225306_1.jpg,front
IMG_20220725_223403_1.jpg,front
IMG_20220725_225340_1.jpg,front
IMG_20220725_224147.jpg,front
IMG_20220725_223135_1.jpg,front
IMG_20220725_224821.jpg,front
IMG_20220725_225331.jpg,front
IMG_20220725_225458_1.jpg,front
IMG_20220725_225039.jpg,front
IMG_20220725_224135.jpg,front
IMG_20220725_223800.jpg,front
IMG_20220725_223255.jpg,front
IMG_20220725_223155_1.jpg,front
IMG_20220725_225036_1.jpg,front
IMG_20220725_224652.jpg,front
IMG_20220725_225720.jpg,front
IMG_20220725_224817_1.jpg,front
IMG_20220725_223535.jpg,front
IMG_20220725_223322_1.jpg,front
IMG_20220725_225606.jpg,front
IMG_20220725_223407.jpg,front
IMG_20220725_224135_2.jpg,front
IMG_20220725_225531_1.jpg,front
IMG_20220725_223247_1.jpg,front
IMG_20220725_225035_1.jpg,front
IMG_20220725_223520_1.jpg,front
IMG_20220725_223324.jpg,front
IMG_20220725_223257.jpg,front
IMG_20220725_224744_1.jpg,front
IMG_20220725_223150_1.jpg,front
IMG_20220725_225309_2.jpg,front
IMG_20220725_225331_1.jpg,front
IMG_20220725_224138.jpg,front
IMG_20220725_224818.jpg,front
IMG_20220725_224145.jpg,front
IMG_20220725_225803_1.jpg,front
IMG_20220725_225706_1.jpg,front
IMG_20220725_225039_1.jpg,front
IMG_20220725_225111.jpg,front
IMG_20220725_225438_1.jpg,front
IMG_20220725_223403.jpg,front
IMG_20220725_225016.jpg,front
IMG_20220725_225110.jpg,front
IMG_20220725_224211_1.jpg,front
IMG_20220725_223054.jpg,front
IMG_20220725_223759.jpg,front
IMG_20220725_225609_1.jpg,front
IMG_20220725_225124.jpg,front
IMG_20220725_224826_1.jpg,front
IMG_20220725_225123.jpg,front
IMG_20220725_225309.jpg,front
IMG_20220725_225301.jpg,front
IMG_20220725_225040_1.jpg,front
IMG_20220725_224148.jpg,front
IMG_20220725_225038_1.jpg,front
IMG_20220725_224143_1.jpg,front
IMG_20220725_225443.jpg,front
IMG_20220725_225756.jpg,front
IMG_20220725_225706.jpg,front
IMG_20220725_225457_1.jpg,front
IMG_20220725_223755.jpg,front
IMG_20220725_224649_1.jpg,front
IMG_20220725_223055.jpg,front
IMG_20220725_224727_1.jpg,front
IMG_20220725_223148_1.jpg,front
IMG_20220725_224721.jpg,front
IMG_20220725_225017.jpg,front
IMG_20220725_224740.jpg,front
IMG_20220725_225528.jpg,front
IMG_20220725_223405_1.jpg,front
IMG_20220725_225026_1.jpg,front
IMG_20220725_225033_1.jpg,front
IMG_20220725_225117_1.jpg,front
IMG_20220725_224648.jpg,front
IMG_20220725_225801_1.jpg,front
IMG_20220725_225448_1.jpg,front
IMG_20220725_224216.jpg,front
IMG_20220725_225034.jpg,front
IMG_20220725_223524.jpg,front
IMG_20220725_224652_2.jpg,front
IMG_20220725_223136.jpg,front
IMG_20220725_223325.jpg,front
IMG_20220725_225533.jpg,front
IMG_20220725_223523_1.jpg,front
IMG_20220725_225438.jpg,front
IMG_20220725_225800.jpg,front
IMG_20220725_224736.jpg,front
IMG_20220725_225801.jpg,front
IMG_20220725_223236.jpg,front
IMG_20220725_225439.jpg,front
IMG_20220725_225024.jpg,front
IMG_20220725_223519.jpg,front
IMG_20220725_223329_1.jpg,front
IMG_20220725_225119.jpg,front
IMG_20220725_224819.jpg,front
IMG_20220725_225704_1.jpg,front
IMG_20220725_225444.jpg,front
IMG_20220725_225033_2.jpg,front
IMG_20220725_225300_1.jpg,front
IMG_20220725_223330.jpg,front
IMG_20220725_225527.jpg,front
IMG_20220725_225458.jpg,front
IMG_20220725_223413.jpg,front
IMG_20220725_223520.jpg,front
IMG_20220725_225113.jpg,front
IMG_20220725_225500.jpg,front
IMG_20220725_224646.jpg,front
IMG_20220725_225437_1.jpg,front
IMG_20220725_225450_1.jpg,front
IMG_20220725_223408_1.jpg,front
IMG_20220725_225755_1.jpg,front
IMG_20220725_225114.jpg,front
IMG_20220725_224422.jpg,front
IMG_20220725_225118_1.jpg,front
IMG_20220725_225709_1.jpg,front
IMG_20220725_224737_1.jpg,front
IMG_20220725_225309_1.jpg,front
IMG_20220725_225112.jpg,front
IMG_20220725_223444.jpg,front
IMG_20220725_225702.jpg,front
IMG_20220725_223411_1.jpg,front
IMG_20220725_225434.jpg,front
IMG_20220725_225723.jpg,front
IMG_20220725_223436.jpg,front
IMG_20220725_224213_1.jpg,front
IMG_20220725_224648_1.jpg,front
IMG_20220725_225442_1.jpg,front
IMG_20220725_225128.jpg,front
IMG_20220725_224650.jpg,front
IMG_20220725_223521_1.jpg,front
IMG_20220725_225033.jpg,front
IMG_20220725_225313_1.jpg,front
IMG_20220725_224214_1.jpg,front
IMG_20220725_223144_1.jpg,front
IMG_20220725_225534_2.jpg,front
IMG_20220725_224145_1.jpg,front
IMG_20220725_225018.jpg,front
IMG_20220725_223240_1.jpg,front
IMG_20220725_225111_1.jpg,front
IMG_20220725_223409_1.jpg,front
IMG_20220725_224420.jpg,front
IMG_20220725_225032_1.jpg,front
IMG_20220725_223056.jpg,front
IMG_20220725_225123_1.jpg,front
IMG_20220725_223240.jpg,front
IMG_20220725_223129.jpg,front
IMG_20220725_223321.jpg,front
IMG_20220725_223752_1.jpg,front
IMG_20220725_225705_1.jpg,front
IMG_20220725_223326.jpg,front
IMG_20220725_223759_1.jpg,front
IMG_20220725_224647_1.jpg,front
IMG_20220725_225027_1.jpg,front
IMG_20220725_225605.jpg,front
IMG_20220725_225339.jpg,front
IMG_20220725_224645.jpg,front
IMG_20220725_225031.jpg,front
IMG_20220725_225610.jpg,front
IMG_20220725_225251_1.jpg,front
IMG_20220725_223327_1.jpg,front
IMG_20220725_223522.jpg,front
IMG_20220725_225719_1.jpg,front
IMG_20220725_225311.jpg,front
IMG_20220725_224218.jpg,front
IMG_20220725_224739.jpg,front
IMG_20220725_225259_1.jpg,front
IMG_20220725_225802.jpg,front
IMG_20220725_223517.jpg,front
IMG_20220725_225015_2.jpg,front
IMG_20220725_225523_1.jpg,front
IMG_20220725_225127_1.jpg,front
IMG_20220725_225704_2.jpg,front
IMG_20220725_223259.jpg,front
IMG_20220725_225014.jpg,front
IMG_20220725_223254_1.jpg,front
IMG_20220725_223754.jpg,front
IMG_20220725_223446.jpg,front
IMG_20220725_223306.jpg,front
IMG_20220725_225529_1.jpg,front
IMG_20220725_223127.jpg,front
IMG_20220725_223505.jpg,front
IMG_20220725_223150.jpg,front
IMG_20220725_225040.jpg,front
IMG_20220725_224745.jpg,front
IMG_20220725_223153.jpg,front
IMG_20220725_223328_1.jpg,front
IMG_20220725_225526.jpg,front
IMG_20220725_225025.jpg,front
IMG_20220725_225022.jpg,front
IMG_20220725_223412.jpg,front
IMG_20220725_224142.jpg,front
IMG_20220725_224652_1.jpg,front
IMG_20220725_224816_1.jpg,front
IMG_20220725_224420_1.jpg,front
IMG_20220725_223513.jpg,front
IMG_20220725_225457.jpg,front
IMG_20220725_223503.jpg,front
IMG_20220725_223435.jpg,front
IMG_20220725_225250.jpg,front
IMG_20220725_223534.jpg,front
IMG_20220725_225710.jpg,front
IMG_20220725_225249.jpg,front
IMG_20220725_224720_1.jpg,front
IMG_20220725_225300.jpg,front
IMG_20220725_225116.jpg,front
IMG_20220725_223756.jpg,front
IMG_20220725_223233_1.jpg,front
IMG_20220725_223434_1.jpg,front
IMG_20220725_225528_1.jpg,front
IMG_20220725_225607_1.jpg,front
IMG_20220725_225535_1.jpg,front
IMG_20220725_223409.jpg,front
IMG_20220725_225247.jpg,front
IMG_20220725_223238_1.jpg,front
IMG_20220725_224135_1.jpg,front
IMG_20220725_224748_1.jpg,down
IMG_20220725_224221.jpg,down
IMG_20220725_225749_1.jpg,down
IMG_20220725_223307.jpg,down
IMG_20220725_224808.jpg,down
IMG_20220725_225546_1.jpg,down
IMG_20220725_223310_1.jpg,down
IMG_20220725_225229_1.jpg,down
IMG_20220725_223319.jpg,down
IMG_20220725_225147_1.jpg,down
IMG_20220725_225007.jpg,down
IMG_20220725_223125_1.jpg,down
IMG_20220725_225132.jpg,down
IMG_20220725_225006.jpg,down
IMG_20220725_225754_1.jpg,down
IMG_20220725_223441.jpg,down
IMG_20220725_224229.jpg,down
IMG_20220725_224810_1.jpg,down
IMG_20220725_225133_1.jpg,down
IMG_20220725_225146.jpg,down
IMG_20220725_225255_1.jpg,down
IMG_20220725_223307_1.jpg,down
IMG_20220725_223226.jpg,down
IMG_20220725_223123.jpg,down
IMG_20220725_223530.jpg,down
IMG_20220725_224224.jpg,down
IMG_20220725_225245_1.jpg,down
IMG_20220725_223201.jpg,down
IMG_20220725_225149.jpg,down
IMG_20220725_225134_1.jpg,down
IMG_20220725_225543_1.jpg,down
IMG_20220725_224759.jpg,down
IMG_20220725_223313.jpg,down
IMG_20220725_224757_1.jpg,down
IMG_20220725_225151.jpg,down
IMG_20220725_223117.jpg,down
IMG_20220725_225546.jpg,down
IMG_20220725_223233.jpg,down
IMG_20220725_225155.jpg,down
IMG_20220725_224751.jpg,down
IMG_20220725_225136_1.jpg,down
IMG_20220725_225129_1.jpg,down
IMG_20220725_223312.jpg,down
IMG_20220725_225541_2.jpg,down
IMG_20220725_223200.jpg,down
IMG_20220725_225003_1.jpg,down
IMG_20220725_225237.jpg,down
IMG_20220725_225131.jpg,down
IMG_20220725_223120.jpg,down
IMG_20220725_225556_1.jpg,down
IMG_20220725_224223_2.jpg,down
IMG_20220725_225244.jpg,down
IMG_20220725_224221_1.jpg,down
IMG_20220725_225243.jpg,down
IMG_20220725_224134_1.jpg,down
IMG_20220725_225009.jpg,down
IMG_20220725_224802.jpg,down
IMG_20220725_223200_1.jpg,down
IMG_20220725_224127_1.jpg,down
IMG_20220725_224235.jpg,down
IMG_20220725_223232_1.jpg,down
IMG_20220725_223105.jpg,down
IMG_20220725_225243_1.jpg,down
IMG_20220725_225010.jpg,down
IMG_20220725_225150_1.jpg,down
IMG_20220725_225559.jpg,down
IMG_20220725_225135_1.jpg,down
IMG_20220725_223104.jpg,down
IMG_20220725_225240.jpg,down
IMG_20220725_225001_1.jpg,down
IMG_20220725_223314.jpg,down
IMG_20220725_225239.jpg,down
IMG_20220725_225555.jpg,down
IMG_20220725_225154_2.jpg,down
IMG_20220725_223317_1.jpg,down
IMG_20220725_225136.jpg,down
IMG_20220725_223533.jpg,down
IMG_20220725_225253.jpg,down
IMG_20220725_225748.jpg,down
IMG_20220725_223228_1.jpg,down
IMG_20220725_223230.jpg,down
IMG_20220725_224129_1.jpg,down
IMG_20220725_223357.jpg,down
IMG_20220725_225232.jpg,down
IMG_20220725_224130_1.jpg,down
IMG_20220725_225743_1.jpg,down
IMG_20220725_223440.jpg,down
IMG_20220725_223312_1.jpg,down
IMG_20220725_224131.jpg,down
IMG_20220725_225238.jpg,down
IMG_20220725_224237_1.jpg,down
IMG_20220725_225141_1.jpg,down
IMG_20220725_224812_1.jpg,down
IMG_20220725_225139_1.jpg,down
IMG_20220725_223119.jpg,down
IMG_20220725_224126.jpg,down
IMG_20220725_224806.jpg,down
IMG_20220725_225229.jpg,down
IMG_20220725_225155_1.jpg,down
IMG_20220725_223317.jpg,down
IMG_20220725_225236.jpg,down
IMG_20220725_225141.jpg,down
IMG_20220725_225559_1.jpg,down
IMG_20220725_225754.jpg,down
IMG_20220725_223356.jpg,down
IMG_20220725_225145_1.jpg,down
IMG_20220725_224800.jpg,down
IMG_20220725_225232_1.jpg,down
IMG_20220725_224128.jpg,down
IMG_20220725_224239.jpg,down
IMG_20220725_225000.jpg,down
IMG_20220725_225246.jpg,down
IMG_20220725_225009_1.jpg,down
IMG_20220725_225254.jpg,down
IMG_20220725_223229.jpg,down
IMG_20220725_223358_2.jpg,down
IMG_20220725_225149_1.jpg,down
IMG_20220725_225003.jpg,down
IMG_20220725_224236.jpg,down
IMG_20220725_225544_1.jpg,down
IMG_20220725_224229_1.jpg,down
IMG_20220725_224237.jpg,down
IMG_20220725_223318.jpg,down
IMG_20220725_223401.jpg,down
IMG_20220725_223101.jpg,down
IMG_20220725_225231.jpg,down
IMG_20220725_224753.jpg,down
IMG_20220725_225159.jpg,down
IMG_20220725_223439.jpg,down
IMG_20220725_223126.jpg,down
IMG_20220725_223442_1.jpg,down
IMG_20220725_225142_1.jpg,down
IMG_20220725_224230.jpg,down
IMG_20220725_223316_1.jpg,down
IMG_20220725_225233_1.jpg,down
IMG_20220725_225748_1.jpg,down
IMG_20220725_225230.jpg,down
IMG_20220725_225557_1.jpg,down
IMG_20220725_225551_1.jpg,down
IMG_20220725_223123_1.jpg,down
IMG_20220725_225152_1.jpg,down
IMG_20220725_223358.jpg,down
IMG_20220725_224750_2.jpg,down
IMG_20220725_223202.jpg,down
IMG_20220725_223311.jpg,down
IMG_20220725_224800_1.jpg,down
IMG_20220725_223157_1.jpg,down
IMG_20220725_225242_2.jpg,down
IMG_20220725_224813.jpg,down
IMG_20220725_225004.jpg,down
IMG_20220725_225140.jpg,down
IMG_20220725_225752.jpg,down
IMG_20220725_225743.jpg,down
IMG_20220725_225235.jpg,down
IMG_20220725_225242_1.jpg,down
IMG_20220725_224239_1.jpg,down
IMG_20220725_224806_1.jpg,down
IMG_20220725_225002_1.jpg,down
IMG_20220725_223442.jpg,down
IMG_20220725_225004_1.jpg,down
IMG_20220725_225125.jpg,down
IMG_20220725_225233.jpg,down
IMG_20220725_225550.jpg,down
IMG_20220725_225253_1.jpg,down
IMG_20220725_225157.jpg,down
IMG_20220725_225007_2.jpg,down
IMG_20220725_223359_1.jpg,down
IMG_20220725_223358_1.jpg,down
IMG_20220725_223122.jpg,down
IMG_20220725_224811_1.jpg,down
IMG_20220725_225200_1.jpg,down
IMG_20220725_225129.jpg,down
IMG_20220725_225558_1.jpg,down
IMG_20220725_225006_1.jpg,down
IMG_20220725_224750.jpg,down
IMG_20220725_225256.jpg,down
IMG_20220725_224812.jpg,down
IMG_20220725_224132_2.jpg,down
IMG_20220725_223359.jpg,down
IMG_20220725_225153.jpg,down
IMG_20220725_225235_1.jpg,down
IMG_20220725_223400.jpg,down
IMG_20220725_225133.jpg,down
IMG_20220725_223308_1.jpg,down
IMG_20220725_224750_1.jpg,down
IMG_20220725_225556.jpg,down
IMG_20220725_225238_2.jpg,down
IMG_20220725_223438_2.jpg,down
IMG_20220725_223527_1.jpg,down
IMG_20220725_225541_1.jpg,down
IMG_20220725_223225.jpg,down
IMG_20220725_225007_1.jpg,down
IMG_20220725_223125.jpg,down
IMG_20220725_225255.jpg,down
IMG_20220725_225543_2.jpg,down
IMG_20220725_225154.jpg,down
IMG_20220725_225005_1.jpg,down
IMG_20220725_225554.jpg,down
IMG_20220725_225236_1.jpg,down
IMG_20220725_225746_1.jpg,down
IMG_20220725_225227_2.jpg,down
IMG_20220725_225237_1.jpg,down
IMG_20220725_225231_1.jpg,down
IMG_20220725_225742_1.jpg,down
IMG_20220725_224226.jpg,down
IMG_20220725_224751_1.jpg,down
IMG_20220725_225144.jpg,down
IMG_20220725_225226.jpg,down
IMG_20220725_225158.jpg,down
IMG_20220725_223107.jpg,down
IMG_20220725_223308.jpg,down
IMG_20220725_224235_1.jpg,down
IMG_20220725_225545.jpg,down
IMG_20220725_224758.jpg,down
IMG_20220725_225601.jpg,down
IMG_20220725_225154_1.jpg,down
IMG_20220725_223158_1.jpg,down
IMG_20220725_225754_2.jpg,down
IMG_20220725_225134.jpg,down
IMG_20220725_224803.jpg,down
IMG_20220725_223228.jpg,down
IMG_20220725_225011_1.jpg,down
IMG_20220725_223231.jpg,down
IMG_20220725_225550_1.jpg,down
IMG_20220725_225543.jpg,down
IMG_20220725_224126_1.jpg,down
IMG_20220725_224748.jpg,down
IMG_20220725_224232.jpg,down
IMG_20220725_223400_2.jpg,down
IMG_20220725_224222.jpg,down
IMG_20220725_224134.jpg,down
IMG_20220725_225750.jpg,down
IMG_20220725_225142.jpg,down
IMG_20220725_225226_1.jpg,down
IMG_20220725_224227.jpg,down
IMG_20220725_224807.jpg,down
IMG_20220725_225742_2.jpg,down
IMG_20220725_223315.jpg,down
IMG_20220725_225156.jpg,down
IMG_20220725_225256_1.jpg,down
IMG_20220725_225145_2.jpg,down
IMG_20220725_223529_1.jpg,down
IMG_20220725_225150.jpg,down
IMG_20220725_225254_1.jpg,down
IMG_20220725_225747_1.jpg,down
IMG_20220725_225600_1.jpg,down
IMG_20220725_223318_1.jpg,down
IMG_20220725_224802_1.jpg,down
IMG_20220725_225540_1.jpg,down
IMG_20220725_224747.jpg,down
IMG_20220725_225238_1.jpg,down
IMG_20220725_225751.jpg,down
IMG_20220725_225144_1.jpg,down
IMG_20220725_224225.jpg,down
IMG_20220725_224130.jpg,down
IMG_20220725_225552.jpg,down
IMG_20220725_224749.jpg,down
IMG_20220725_223120_1.jpg,down
IMG_20220725_225010_2.jpg,down
IMG_20220725_223532.jpg,down
IMG_20220725_225124_2.jpg,down
IMG_20220725_225753.jpg,down
IMG_20220725_225558.jpg,down
IMG_20220725_225557.jpg,down
IMG_20220725_223121.jpg,down
IMG_20220725_223528.jpg,down
IMG_20220725_225143.jpg,down
IMG_20220725_223231_1.jpg,down
IMG_20220725_225244_1.jpg,down
IMG_20220725_223316.jpg,down
IMG_20220725_224811.jpg,down
IMG_20220725_223400_1.jpg,down
IMG_20220725_223320.jpg,down
IMG_20220725_225157_1.jpg,down
IMG_20220725_224234.jpg,down
IMG_20220725_225228_1.jpg,down
IMG_20220725_225746.jpg,down
IMG_20220725_223159.jpg,down
IMG_20220725_225234.jpg,down
IMG_20220725_225135.jpg,down
IMG_20220725_224228.jpg,down
IMG_20220725_225159_1.jpg,down
IMG_20220725_225011.jpg,down
IMG_20220725_223531.jpg,down
IMG_20220725_224238.jpg,down
IMG_20220725_225740.jpg,down
IMG_20220725_224801.jpg,down
IMG_20220725_225742.jpg,down
IMG_20220725_224807_1.jpg,down
IMG_20220725_225744_1.jpg,down
IMG_20220725_225138.jpg,down
IMG_20220725_225554_1.jpg,down
IMG_20220725_223530_1.jpg,down
IMG_20220725_225553.jpg,down
IMG_20220725_224225_1.jpg,down
IMG_20220725_224221_2.jpg,down
IMG_20220725_225751_1.jpg,down
IMG_20220725_225010_1.jpg,down
IMG_20220725_224752.jpg,down
IMG_20220725_225147.jpg,down
IMG_20220725_225752_1.jpg,down
IMG_20220725_225241.jpg,down
IMG_20220725_225001.jpg,down
IMG_20220725_225145.jpg,down
IMG_20220725_224757.jpg,down
IMG_20220725_225741_1.jpg,down
IMG_20220725_224754.jpg,down
IMG_20220725_224805.jpg,down
IMG_20220725_224804.jpg,down
IMG_20220725_225252_1.jpg,down
IMG_20220725_223440_1.jpg,down
IMG_20220725_225242.jpg,down
IMG_20220725_225227.jpg,down
IMG_20220725_224224_1.jpg,down
IMG_20220725_225600.jpg,down
IMG_20220725_225130_1.jpg,down
IMG_20220725_224809.jpg,down
IMG_20220725_225200.jpg,down
IMG_20220725_224236_1.jpg,down
IMG_20220725_225548.jpg,down
IMG_20220725_225741.jpg,down
IMG_20220725_225547.jpg,down
IMG_20220725_225749.jpg,down
IMG_20220725_225152.jpg,down
IMG_20220725_224747_1.jpg,down
IMG_20220725_223357_1.jpg,down
IMG_20220725_225129_2.jpg,down
IMG_20220725_224132.jpg,down
IMG_20220725_223226_1.jpg,down
IMG_20220725_225005.jpg,down
IMG_20220725_225158_1.jpg,down
IMG_20220725_224810.jpg,down
IMG_20220725_225241_1.jpg,down
IMG_20220725_224746_1.jpg,down
IMG_20220725_225747.jpg,down
IMG_20220725_223058.jpg,down
IMG_20220725_224223_1.jpg,down
IMG_20220725_225425_1.jpg,right
IMG_20220725_224834.jpg,right
IMG_20220725_224831.jpg,right
IMG_20220725_225427.jpg,right
IMG_20220725_225433.jpg,right
IMG_20220725_225433_1.jpg,right
IMG_20220725_225426.jpg,right
IMG_20220725_225428.jpg,right
IMG_20220725_225429.jpg,right
IMG_20220725_224835.jpg,right
IMG_20220725_225420.jpg,right
IMG_20220725_225419.jpg,right
IMG_20220725_224844.jpg,right
IMG_20220725_224831_1.jpg,right
IMG_20220725_224832.jpg,right
IMG_20220725_224837.jpg,right
IMG_20220725_225431.jpg,right
IMG_20220725_225428_1.jpg,right
IMG_20220725_224829.jpg,right
IMG_20220725_224836.jpg,right
IMG_20220725_225429_1.jpg,right
IMG_20220725_224838_1.jpg,right
IMG_20220725_224837_1.jpg,right
IMG_20220725_224832_1.jpg,right
IMG_20220725_224845.jpg,right
IMG_20220725_225431_1.jpg,right
IMG_20220725_224830.jpg,right
IMG_20220725_224834_1.jpg,right
IMG_20220725_225425.jpg,right
IMG_20220725_224843.jpg,right
IMG_20220725_225430.jpg,right
IMG_20220725_225426_1.jpg,right
IMG_20220725_224842.jpg,right
IMG_20220725_224839.jpg,right
IMG_20220725_224830_1.jpg,right
IMG_20220725_224838.jpg,right
IMG_20220725_225432.jpg,right
